{
  "total_time_seconds": 4856.4387838840485,
  "variants": {
    "baseline_mdl_only": {
      "phase1_solve_rate": 0.5,
      "phase2_solve_rate": 0.13636363636363635,
      "transfer_effectiveness": 0.2727272727272727,
      "total_abstractions": 24,
      "total_tasks_solved": 28
    },
    "recognition_guided_070": {
      "phase1_solve_rate": 0.5,
      "phase2_solve_rate": 0.13636363636363635,
      "transfer_effectiveness": 0.2727272727272727,
      "total_abstractions": 27,
      "total_tasks_solved": 28
    },
    "recognition_guided_050": {
      "phase1_solve_rate": 0.5227272727272727,
      "phase2_solve_rate": 0.13636363636363635,
      "transfer_effectiveness": 0.2608695652173913,
      "total_abstractions": 27,
      "total_tasks_solved": 29
    }
  }
}