{
  "total_time_seconds": 6054.500648975372,
  "variants": {
    "baseline_full_library": {
      "solve_rate": 0.32954545454545453,
      "solved": 29,
      "abstractions": 24
    },
    "minimal_no_gestalt": {
      "solve_rate": 0.09090909090909091,
      "solved": 8,
      "abstractions": 10
    },
    "minimal_plus_combinators": {
      "solve_rate": 0.09090909090909091,
      "solved": 8,
      "abstractions": 12
    }
  }
}