{
  "rule_id": "all_red",
  "elapsed_s": 1.08,
  "parse_audit": {
    "total_visits": 80004,
    "n_programs": 195,
    "n_parse_fail": 0,
    "mass_parse_fail_frac": 0.0,
    "n_predicate_fail": 0,
    "mass_predicate_fail_frac": 0.0,
    "n_mapped_programs": 80,
    "mass_mapped_frac": 0.9286785660716964,
    "n_unmapped_programs": 115,
    "mass_unmapped_frac": 0.07132143392830359,
    "n_distinct_unmapped_fps": 3,
    "top_unmapped_fps": [
      {
        "fingerprint": "a50b45ea9633aeea...",
        "count": 5617,
        "mass_frac": 0.07020898955052247
      },
      {
        "fingerprint": "03f77d78004eb003...",
        "count": 75,
        "mass_frac": 0.0009374531273436328
      },
      {
        "fingerprint": "b6f5d59216bf4e5f...",
        "count": 14,
        "mass_frac": 0.00017499125043747812
      }
    ]
  },
  "enum_retained_mass": 0.9999403096532722,
  "divergence": {
    "n_union_classes": 29,
    "n_enum_classes": 2,
    "n_mcmc_classes": 29,
    "total_variation": 0.10304305689851403,
    "max_abs_diff_on_class": 0.10304305689851401,
    "jensen_shannon": 0.040951825487590396,
    "spearman_rank_corr": 0.4395436497207724
  },
  "top_k": {
    "k": 50,
    "enum_top_k_classes": [
      18,
      162
    ],
    "mcmc_top_k_classes": [
      0,
      18,
      32,
      33,
      34,
      42,
      43,
      83,
      87,
      95,
      98,
      100,
      162,
      169,
      171,
      172,
      196,
      214,
      215,
      216,
      282,
      283,
      285,
      287,
      289,
      332,
      339,
      781,
      783
    ],
    "overlap_size": 2,
    "overlap_frac_of_k": 0.04,
    "enum_top1_cls": 18,
    "mcmc_top1_cls": 18
  },
  "extensional": {
    "n_probes": 5000,
    "mean_abs_diff": 0.02183441086926597,
    "max_abs_diff": 0.09241020002484317,
    "spearman_rank_corr": 0.24720387514239558,
    "fraction_disagreement_above_0_5": 0.0,
    "probe_hit_rate_enum": 0.012084343336769185,
    "probe_hit_rate_mcmc": 0.033870402971816205
  },
  "n_enum_exc": 0,
  "n_mcmc_exc": 0,
  "validity_flags": {
    "mcmc_parse_drop_excessive": false,
    "mcmc_unmapped_excessive": false,
    "enum_truncation_excessive": false,
    "rare_rule_blind_spot": false,
    "predicate_exceptions_present": false
  },
  "comparison_valid": true,
  "enum_top20": [
    {
      "rank": 1,
      "prob": 0.9904155299125924,
      "cls_idx": 18,
      "fingerprint": "d47919ef9427dd08711f3b72c4ee6d3dddeb063783645c6195882e06b36962e7",
      "canonical_program": "(\u03bb not (has_color $0 BLACK))"
    },
    {
      "rank": 2,
      "prob": 0.0095844700874075,
      "cls_idx": 162,
      "fingerprint": "e8694b20023779409be00e728db011ab78da96f4b241cf9dd50217c495227ea6",
      "canonical_program": "(\u03bb lt (n_unique_colors $0) 2)"
    }
  ],
  "mcmc_top20": [
    {
      "rank": 1,
      "prob": 0.8873724730140784,
      "cls_idx": 18,
      "fingerprint": "d47919ef9427dd08711f3b72c4ee6d3dddeb063783645c6195882e06b36962e7",
      "canonical_program": "(\u03bb not (has_color $0 BLACK))"
    },
    {
      "rank": 2,
      "prob": 0.08264017873966997,
      "cls_idx": 162,
      "fingerprint": "e8694b20023779409be00e728db011ab78da96f4b241cf9dd50217c495227ea6",
      "canonical_program": "(\u03bb lt (n_unique_colors $0) 2)"
    },
    {
      "rank": 3,
      "prob": 0.004508869686936391,
      "cls_idx": 0,
      "fingerprint": "24abae8be39ef33f43e2f2d1d5ccd003252a90be0e9fe1bf00b8b5001e610599",
      "canonical_program": "(\u03bb has_color $0 RED)"
    },
    {
      "rank": 4,
      "prob": 0.0036474736870440658,
      "cls_idx": 87,
      "fingerprint": "fdf27f1295a62b8e7a43185ef3ac43ff0048b3f3bbf0a88fdf60445f0be0f4a6",
      "canonical_program": "(\u03bb lt 2 (max_suit_count $0))"
    },
    {
      "rank": 5,
      "prob": 0.0029072114996365984,
      "cls_idx": 100,
      "fingerprint": "2243a45d909217be86968f75721eea0a61005e65eaba87dac246ef3cacd68cab",
      "canonical_program": "(\u03bb lt 4 (n_unique_ranks $0))"
    },
    {
      "rank": 6,
      "prob": 0.0026380252496702467,
      "cls_idx": 289,
      "fingerprint": "b7de12b8c42527e301f903e0b670bc98da7d464664fe440aec7f9a1d054a30de",
      "canonical_program": "(\u03bb lt 4 (count_color $0 RED))"
    },
    {
      "rank": 7,
      "prob": 0.002180408624727449,
      "cls_idx": 171,
      "fingerprint": "cee643b7ed895b262d14bc03f0f2eb5889ed39042736baa3ec44eaadfcec4576",
      "canonical_program": "(\u03bb lt (n_repeated_ranks $0) 2)"
    },
    {
      "rank": 8,
      "prob": 0.001790088562276239,
      "cls_idx": 95,
      "fingerprint": "3fece1346f786f4bafe0104bfe09da6e6d59d019d8da695d1ed69ac9bb9e7724",
      "canonical_program": "(\u03bb lt 3 (n_unique_ranks $0))"
    },
    {
      "rank": 9,
      "prob": 0.0015478209373065224,
      "cls_idx": 33,
      "fingerprint": "a09f9cfeeaebb3e251970d30305c3a0cdfbcdc2edc9d2839eff3079332de5892",
      "canonical_program": "(\u03bb lt 2 (n_unique_ranks $0))"
    },
    {
      "rank": 10,
      "prob": 0.0011171229373603596,
      "cls_idx": 169,
      "fingerprint": "ff4402ca66a33d297bb25e077f88186c43e2e6d4b2ffab8c6dde7241cba298a0",
      "canonical_program": "(\u03bb lt (max_suit_count $0) 5)"
    },
    {
      "rank": 11,
      "prob": 0.001103663624862042,
      "cls_idx": 783,
      "fingerprint": "615a44d713a52efef7252a2d6ef621d59f58872c44843941f3a53e5d87d779c2",
      "canonical_program": "(\u03bb gt (min_rank (head (adjacent_pairs $0))) 4)"
    },
    {
      "rank": 12,
      "prob": 0.0009959891248755013,
      "cls_idx": 34,
      "fingerprint": "c7143ebde0ef686d2fa6737267363edd11c1c78ba5098ae172fa57ffefb611fb",
      "canonical_program": "(\u03bb lt 5 (max_rank $0))"
    },
    {
      "rank": 13,
      "prob": 0.0009825298123771838,
      "cls_idx": 83,
      "fingerprint": "b1293c4d664da00a2567bc767fdfd7d460f52556b80abcb7047694f3705c79ea",
      "canonical_program": "(\u03bb lt 1 (n_repeated_suits $0))"
    },
    {
      "rank": 14,
      "prob": 0.0009286925623839135,
      "cls_idx": 283,
      "fingerprint": "abd6554c3ed8939c3d2c1c33aad094fb218d57b9a8256ad90b1e96045de5326b",
      "canonical_program": "(\u03bb lt 1 (count_color $0 RED))"
    },
    {
      "rank": 15,
      "prob": 0.0008748553123906431,
      "cls_idx": 196,
      "fingerprint": "ffec14e8af0d72b25b698f644807295ed9e8b06a09f90242b1a4e9037f8da148",
      "canonical_program": "(\u03bb not (has_color (second_half $0) BLACK))"
    },
    {
      "rank": 16,
      "prob": 0.0006864249374141969,
      "cls_idx": 215,
      "fingerprint": "ec6d9d53aa9922bf00f9ce0b884c3aaf652056d1bf807930a69f418c3c9f4fbc",
      "canonical_program": "(\u03bb has_suit (second_half (second_half $0)) HEARTS)"
    },
    {
      "rank": 17,
      "prob": 0.0006460469999192441,
      "cls_idx": 214,
      "fingerprint": "54859a03df0d8a480f4ea3275a7d325c44543345660e39fb3cf586f344e1f802",
      "canonical_program": "(\u03bb has_suit (second_half (second_half $0)) DIAMONDS)"
    },
    {
      "rank": 18,
      "prob": 0.0005652911249293386,
      "cls_idx": 98,
      "fingerprint": "4ca49bdce081eb865339e402da03bfaf6a4c80124f6ce168c89cfa8ba3944aee",
      "canonical_program": "(\u03bb lt 3 (max_suit_count $0))"
    },
    {
      "rank": 19,
      "prob": 0.0005383724999327035,
      "cls_idx": 339,
      "fingerprint": "817a367f8e6745674076b9af5392cb073068994bc64ea3ce54cd1fa0072b0a3e",
      "canonical_program": "(\u03bb lt (n_unique_colors (first_half $0)) 2)"
    },
    {
      "rank": 20,
      "prob": 0.0004576166249427979,
      "cls_idx": 172,
      "fingerprint": "d8a236216a17ef15117abd0ee9bca9b099a4896cecf47555e94a67d71eba7729",
      "canonical_program": "(\u03bb lt (n_repeated_ranks $0) 3)"
    }
  ]
}