{
  "rule_id": "pair_5s_adjacent",
  "elapsed_s": 2.26,
  "parse_audit": {
    "total_visits": 80004,
    "n_programs": 336,
    "n_parse_fail": 0,
    "mass_parse_fail_frac": 0.0,
    "n_predicate_fail": 0,
    "mass_predicate_fail_frac": 0.0,
    "n_mapped_programs": 114,
    "mass_mapped_frac": 0.8979301034948253,
    "n_unmapped_programs": 222,
    "mass_unmapped_frac": 0.10206989650517474,
    "n_distinct_unmapped_fps": 2,
    "top_unmapped_fps": [
      {
        "fingerprint": "a50b45ea9633aeea...",
        "count": 8068,
        "mass_frac": 0.1008449577521124
      },
      {
        "fingerprint": "03f77d78004eb003...",
        "count": 98,
        "mass_frac": 0.001224938753062347
      }
    ]
  },
  "enum_retained_mass": 0.9773383070799532,
  "divergence": {
    "n_union_classes": 50,
    "n_enum_classes": 32,
    "n_mcmc_classes": 44,
    "total_variation": 0.39414751114018437,
    "max_abs_diff_on_class": 0.12303050862945047,
    "jensen_shannon": 0.15493685100981797,
    "spearman_rank_corr": 0.5884057642894849
  },
  "top_k": {
    "k": 50,
    "enum_top_k_classes": [
      0,
      2,
      6,
      7,
      8,
      9,
      10,
      13,
      21,
      24,
      31,
      32,
      33,
      34,
      77,
      84,
      95,
      167,
      169,
      172,
      177,
      178,
      191,
      199,
      224,
      247,
      249,
      265,
      276,
      283,
      291,
      739
    ],
    "mcmc_top_k_classes": [
      0,
      2,
      6,
      7,
      8,
      9,
      10,
      12,
      13,
      15,
      21,
      24,
      31,
      32,
      33,
      34,
      77,
      84,
      87,
      95,
      100,
      167,
      169,
      177,
      179,
      189,
      191,
      199,
      224,
      235,
      236,
      237,
      272,
      276,
      283,
      285,
      291,
      292,
      293,
      295,
      297,
      302,
      308,
      365
    ],
    "overlap_size": 26,
    "overlap_frac_of_k": 0.52,
    "enum_top1_cls": 7,
    "mcmc_top1_cls": 7
  },
  "extensional": {
    "n_probes": 5000,
    "mean_abs_diff": 0.12304662798249442,
    "max_abs_diff": 0.34175484505594045,
    "spearman_rank_corr": 0.9416638599341435,
    "fraction_disagreement_above_0_5": 0.0,
    "probe_hit_rate_enum": 0.7398122815119476,
    "probe_hit_rate_mcmc": 0.8604442495615132
  },
  "n_enum_exc": 0,
  "n_mcmc_exc": 0,
  "validity_flags": {
    "mcmc_parse_drop_excessive": false,
    "mcmc_unmapped_excessive": true,
    "enum_truncation_excessive": false,
    "rare_rule_blind_spot": false,
    "predicate_exceptions_present": false
  },
  "comparison_valid": false,
  "enum_top20": [
    {
      "rank": 1,
      "prob": 0.16440789444413173,
      "cls_idx": 7,
      "fingerprint": "048b7a5501b2f6c7edf5ebe5ff199b256a8956d2fd8387f37276b1fa688ad006",
      "canonical_program": "(\u03bb has_suit $0 DIAMONDS)"
    },
    {
      "rank": 2,
      "prob": 0.16383776760459368,
      "cls_idx": 8,
      "fingerprint": "985e7f28bdfe262507083821c2663898d3b631a712b3e40dc4c7360ae74c670c",
      "canonical_program": "(\u03bb has_suit $0 HEARTS)"
    },
    {
      "rank": 3,
      "prob": 0.12120920092343475,
      "cls_idx": 24,
      "fingerprint": "2adaaabe5c7f6c0b12417a80c6bef7001dfe2bb1dd5cc5648948de9b5834a010",
      "canonical_program": "(\u03bb has_suit (second_half $0) DIAMONDS)"
    },
    {
      "rank": 4,
      "prob": 0.1203651087496999,
      "cls_idx": 21,
      "fingerprint": "c8df023814ce6acd0bb2771f514119a4a268c6d961a1ee5409eb0f448e3df51d",
      "canonical_program": "(\u03bb has_suit (first_half $0) HEARTS)"
    },
    {
      "rank": 5,
      "prob": 0.09748874168419029,
      "cls_idx": 224,
      "fingerprint": "bd78d8d20dc7de00c658d4173b9478bfa77d2c1287eb14cfaea90d74dcdc9c7f",
      "canonical_program": "(\u03bb has_suit (head (adjacent_pairs $0)) HEARTS)"
    },
    {
      "rank": 6,
      "prob": 0.07979308465532955,
      "cls_idx": 2,
      "fingerprint": "ea989cd41502549fe2b7a9f47953cd080b88c4413891aeecd1134164bcd70407",
      "canonical_program": "(\u03bb has_color $0 BLACK)"
    },
    {
      "rank": 7,
      "prob": 0.07977411228832401,
      "cls_idx": 0,
      "fingerprint": "24abae8be39ef33f43e2f2d1d5ccd003252a90be0e9fe1bf00b8b5001e610599",
      "canonical_program": "(\u03bb has_color $0 RED)"
    },
    {
      "rank": 8,
      "prob": 0.05706092566489362,
      "cls_idx": 31,
      "fingerprint": "1d7d89c531dd85ade11e1b5517eedb2d33c5de695198640788a593115972af43",
      "canonical_program": "(\u03bb lt 0 (n_repeated_ranks $0))"
    },
    {
      "rank": 9,
      "prob": 0.015484373520586391,
      "cls_idx": 291,
      "fingerprint": "6fb65e16fa9974858600135e7cdd1557eb01e33bc5b4f6d1e172dcbb205431d7",
      "canonical_program": "(\u03bb lt (count_suit $0 CLUBS) 2)"
    },
    {
      "rank": 10,
      "prob": 0.01384290639468112,
      "cls_idx": 10,
      "fingerprint": "3d036139e1f301183fc25d5832a660e44bef5cf360e0e282756f8abb0c20be1f",
      "canonical_program": "(\u03bb has_color (first_half $0) RED)"
    },
    {
      "rank": 11,
      "prob": 0.01378715900634468,
      "cls_idx": 13,
      "fingerprint": "1de4987d8c6d78d1e9bd1e6ab973ac623c6902b279f10eb6a82ca4c11f799a0b",
      "canonical_program": "(\u03bb has_color (second_half $0) RED)"
    },
    {
      "rank": 12,
      "prob": 0.00994237879598035,
      "cls_idx": 739,
      "fingerprint": "872dd1f2ddd3298bc5ed1c129fb3406ae9648d9e5909046f21fadd171a194f0e",
      "canonical_program": "(\u03bb le (max_rank (second_half (first_half $0))) 5)"
    },
    {
      "rank": 13,
      "prob": 0.006750181504876924,
      "cls_idx": 199,
      "fingerprint": "6b2280a3bef6fc6e8631cc66b25824d172c7735bf05f905a40f2674515813571",
      "canonical_program": "(\u03bb has_suit (first_half (first_half $0)) HEARTS)"
    },
    {
      "rank": 14,
      "prob": 0.006080133937598909,
      "cls_idx": 167,
      "fingerprint": "3b298cefddbe92acc300cce1d25b0fb148b070abb0fcc46ae181664bf8de4391",
      "canonical_program": "(\u03bb lt (max_suit_count $0) 4)"
    },
    {
      "rank": 15,
      "prob": 0.005342936691374428,
      "cls_idx": 177,
      "fingerprint": "3cd69a58da612750b0f3a67228394e1be1a7d720f909b2cd653e5bf6e5017b77",
      "canonical_program": "(\u03bb lt (n_repeated_suits $0) 3)"
    },
    {
      "rank": 16,
      "prob": 0.005235535672071476,
      "cls_idx": 191,
      "fingerprint": "5aef5206e228db3707648852e5e15e70c17e84e862bebfeecfc27437c15a93f5",
      "canonical_program": "(\u03bb has_color (head (adjacent_pairs $0)) RED)"
    },
    {
      "rank": 17,
      "prob": 0.004578359613383733,
      "cls_idx": 32,
      "fingerprint": "3b3461abd46cea61a96537e3fbdfcf70bb4eea810335fe737f0b3e08371ee157",
      "canonical_program": "(\u03bb lt 1 (n_unique_suits $0))"
    },
    {
      "rank": 18,
      "prob": 0.004464191285763134,
      "cls_idx": 84,
      "fingerprint": "8b3c38d6a72c59ce70e66f03bc6a359e4f06b3aa419954bb2d2db795f2ef6368",
      "canonical_program": "(\u03bb lt 2 (n_unique_suits $0))"
    },
    {
      "rank": 19,
      "prob": 0.003677942849227917,
      "cls_idx": 77,
      "fingerprint": "97f0bf9ff01d15bee56a07f7ee8f81e7c1107c643c584e947dc089ba4855a353",
      "canonical_program": "(\u03bb lt 1 (n_unique_colors $0))"
    },
    {
      "rank": 20,
      "prob": 0.003187891697796615,
      "cls_idx": 95,
      "fingerprint": "3fece1346f786f4bafe0104bfe09da6e6d59d019d8da695d1ed69ac9bb9e7724",
      "canonical_program": "(\u03bb lt 3 (n_unique_ranks $0))"
    }
  ],
  "mcmc_top20": [
    {
      "rank": 1,
      "prob": 0.2874384030735822,
      "cls_idx": 7,
      "fingerprint": "048b7a5501b2f6c7edf5ebe5ff199b256a8956d2fd8387f37276b1fa688ad006",
      "canonical_program": "(\u03bb has_suit $0 DIAMONDS)"
    },
    {
      "rank": 2,
      "prob": 0.2620340209916757,
      "cls_idx": 8,
      "fingerprint": "985e7f28bdfe262507083821c2663898d3b631a712b3e40dc4c7360ae74c670c",