{
  "rule_id": "pos135_same_rank",
  "elapsed_s": 2.38,
  "parse_audit": {
    "total_visits": 80004,
    "n_programs": 386,
    "n_parse_fail": 0,
    "mass_parse_fail_frac": 0.0,
    "n_predicate_fail": 0,
    "mass_predicate_fail_frac": 0.0,
    "n_mapped_programs": 151,
    "mass_mapped_frac": 0.8844932753362332,
    "n_unmapped_programs": 235,
    "mass_unmapped_frac": 0.11550672466376681,
    "n_distinct_unmapped_fps": 4,
    "top_unmapped_fps": [
      {
        "fingerprint": "a50b45ea9633aeea...",
        "count": 7488,
        "mass_frac": 0.0935953202339883
      },
      {
        "fingerprint": "79a77de86ee5c6df...",
        "count": 1353,
        "mass_frac": 0.016911654417279137
      },
      {
        "fingerprint": "03f77d78004eb003...",
        "count": 398,
        "mass_frac": 0.004974751262436878
      },
      {
        "fingerprint": "1106e5f2f40dfe3e...",
        "count": 2,
        "mass_frac": 2.4998750062496874e-05
      }
    ]
  },
  "enum_retained_mass": 0.9916873731526906,
  "divergence": {
    "n_union_classes": 65,
    "n_enum_classes": 4,
    "n_mcmc_classes": 63,
    "total_variation": 0.6879725280160536,
    "max_abs_diff_on_class": 0.3836705593624056,
    "jensen_shannon": 0.5318202852399712,
    "spearman_rank_corr": -0.010073628616427582
  },
  "top_k": {
    "k": 50,
    "enum_top_k_classes": [
      160,
      336,
      1127,
      1724
    ],
    "mcmc_top_k_classes": [
      0,
      2,
      6,
      7,
      8,
      9,
      10,
      12,
      13,
      22,
      31,
      32,
      33,
      34,
      35,
      36,
      37,
      38,
      39,
      83,
      84,
      95,
      160,
      166,
      167,
      169,
      171,
      172,
      177,
      192,
      226,
      240,
      241,
      272,
      286,
      292,
      293,
      294,
      296,
      297,
      300,
      302,
      303,
      308,
      309,
      336,
      397,
      398,
      597,
      602
    ],
    "overlap_size": 2,
    "overlap_frac_of_k": 0.04,
    "enum_top1_cls": 160,
    "mcmc_top1_cls": 160
  },
  "extensional": {
    "n_probes": 5000,
    "mean_abs_diff": 0.5175064853027616,
    "max_abs_diff": 0.6879725280160535,
    "spearman_rank_corr": 0.6576350234757257,
    "fraction_disagreement_above_0_5": 0.756,
    "probe_hit_rate_enum": 0.14880063711307884,
    "probe_hit_rate_mcmc": 0.6587847095233385
  },
  "n_enum_exc": 0,
  "n_mcmc_exc": 0,
  "validity_flags": {
    "mcmc_parse_drop_excessive": false,
    "mcmc_unmapped_excessive": true,
    "enum_truncation_excessive": false,
    "rare_rule_blind_spot": false,
    "predicate_exceptions_present": false
  },
  "comparison_valid": false,
  "enum_top20": [
    {
      "rank": 1,
      "prob": 0.6621352937574991,
      "cls_idx": 160,
      "fingerprint": "022059a5ee1949dca68923379f5729d1a319bb2445d70dfa377e472b08d1cf5f",
      "canonical_program": "(\u03bb lt (n_unique_ranks $0) 5)"
    },
    {
      "rank": 2,
      "prob": 0.22778886952467478,
      "cls_idx": 1127,
      "fingerprint": "c1b0a80f956e58f945a7292609c758ea71e282f1e13815f8ebac05b1cd5857a7",
      "canonical_program": "(\u03bb lt (n_unique_ranks (take 5 $0)) 4)"
    },
    {
      "rank": 3,
      "prob": 0.10838892306994519,
      "cls_idx": 336,
      "fingerprint": "43b2f2730c0ebbe9c3a8f0fb99c3e38e39c6a6d24dcc1cd32857e5f3207bc38f",
      "canonical_program": "(\u03bb lt (n_unique_ranks (first_half $0)) 3)"
    },
    {
      "rank": 4,
      "prob": 0.0016869136478809433,
      "cls_idx": 1724,
      "fingerprint": "39c1808430af6da2652fddd2fe4ac7a2bf455040aae6580405aedb12adf72fc0",
      "canonical_program": "(\u03bb lt 3 (mod (n_unique_ranks $0) 5))"
    }
  ],
  "mcmc_top20": [
    {
      "rank": 1,
      "prob": 0.2784647343950935,
      "cls_idx": 160,
      "fingerprint": "022059a5ee1949dca68923379f5729d1a319bb2445d70dfa377e472b08d1cf5f",
      "canonical_program": "(\u03bb lt (n_unique_ranks $0) 5)"
    },
    {
      "rank": 2,
      "prob": 0.13101479586789708,
      "cls_idx": 7,
      "fingerprint": "048b7a5501b2f6c7edf5ebe5ff199b256a8956d2fd8387f37276b1fa688ad006",
      "canonical_program": "(\u03bb has_suit $0 DIAMONDS)"
    },
    {
      "rank": 3,
      "prob": 0.12430224835012647,
      "cls_idx": 9,
      "fingerprint": "d9a9e443b40e9b70ea85bf21647f35f1dbc6ae6fd3d61453814e2881306a460c",
      "canonical_program": "(\u03bb has_suit $0 SPADES)"
    },
    {
      "rank": 4,
      "prob": 0.11771688594321891,
      "cls_idx": 8,
      "fingerprint": "985e7f28bdfe262507083821c2663898d3b631a712b3e40dc4c7360ae74c670c",
      "canonical_program": "(\u03bb has_suit $0 HEARTS)"
    },
    {
      "rank": 5,
      "prob": 0.11107499682037222,
      "cls_idx": 0,
      "fingerprint": "24abae8be39ef33f43e2f2d1d5ccd003252a90be0e9fe1bf00b8b5001e610599",
      "canonical_program": "(\u03bb has_color $0 RED)"
    },
    {
      "rank": 6,
      "prob": 0.10773992057996411,
      "cls_idx": 2,
      "fingerprint": "ea989cd41502549fe2b7a9f47953cd080b88c4413891aeecd1134164bcd70407",
      "canonical_program": "(\u03bb has_color $0 BLACK)"
    },
    {
      "rank": 7,
      "prob": 0.033562737588852934,
      "cls_idx": 336,
      "fingerprint": "43b2f2730c0ebbe9c3a8f0fb99c3e38e39c6a6d24dcc1cd32857e5f3207bc38f",
      "canonical_program": "(\u03bb lt (n_unique_ranks (first_half $0)) 3)"
    },
    {
      "rank": 8,
      "prob": 0.0172547800404166,
      "cls_idx": 226,
      "fingerprint": "5fddae7cc78c36cc835db40431ef05843a9c1952ee22a7c20c82ff641091721e",
      "canonical_program": "(\u03bb has_suit (head (adjacent_pairs $0)) SPADES)"
    },
    {
      "rank": 9,
      "prob": 0.007461526503963936,
      "cls_idx": 22,
      "fingerprint": "277138b05808edeae35a293d0e487f8d73d8ae8a6a98d185eaa77ac4334b410a",
      "canonical_program": "(\u03bb has_suit (first_half $0) SPADES)"
    },
    {
      "rank": 10,
      "prob": 0.006783205912694487,
      "cls_idx": 6,
      "fingerprint": "78facf877a9d9a631a922ef94a466680e24352602ca0f130b3272eb787819856",
      "canonical_program": "(\u03bb has_suit $0 CLUBS)"
    },
    {
      "rank": 11,
      "prob": 0.00462105902802312,
      "cls_idx": 169,
      "fingerprint": "ff4402ca66a33d297bb25e077f88186c43e2e6d4b2ffab8c6dde7241cba298a0",
      "canonical_program": "(\u03bb lt (max_suit_count $0) 5)"
    },
    {
      "rank": 12,
      "prob": 0.0040840552266014725,
      "cls_idx": 31,
      "fingerprint": "1d7d89c531dd85ade11e1b5517eedb2d33c5de695198640788a593115972af43",
      "canonical_program": "(\u03bb lt 0 (n_repeated_ranks $0))"
    },
    {
      "rank": 13,
      "prob": 0.0038155533258906493,
      "cls_idx": 32,
      "fingerprint": "3b3461abd46cea61a96537e3fbdfcf70bb4eea810335fe737f0b3e08371ee157",
      "canonical_program": "(\u03bb lt 1 (n_unique_suits $0))"
    },
    {
      "rank": 14,
      "prob": 0.003801421646905869,
      "cls_idx": 166,
      "fingerprint": "3f503bbfa97c798bcc46d5337f8eb3181fba02f4bdb2514b991a91788e4ce4e4",
      "canonical_program": "(\u03bb lt (max_suit_count $0) 3)"
    },
    {
      "rank": 15,
      "prob": 0.0036601048570580673,
      "cls_idx": 13,
      "fingerprint": "1de4987d8c6d78d1e9bd1e6ab973ac623c6902b279f10eb6a82ca4c11f799a0b",
      "canonical_program": "(\u03bb has_color (second_half $0) RED)"
    },
    {
      "rank": 16,
      "prob": 0.0036177098201037265,
      "cls_idx": 83,
      "fingerprint": "b1293c4d664da00a2567bc767fdfd7d460f52556b80abcb7047694f3705c79ea",
      "canonical_program": "(\u03bb lt 1 (n_repeated_suits $0))"
    },
    {
      "rank": 17,
      "prob": 0.002798072438986476,
      "cls_idx": 171,
      "fingerprint": "cee643b7ed895b262d14bc03f0f2eb5889ed39042736baa3ec44eaadfcec4576",
      "canonical_program": "(\u03bb lt (n_repeated_ranks $0) 2)"
    },
    {
      "rank": 18,
      "prob": 0.0027839407600016956,
      "cls_idx": 33,
      "fingerprint": "a09f9cfeeaebb3e251970d30305c3a0cdfbcdc2edc9d2839eff3079332de5892",