{
  "rule_id": "triple_any_adjacent",
  "elapsed_s": 2.37,
  "parse_audit": {
    "total_visits": 80004,
    "n_programs": 407,
    "n_parse_fail": 0,
    "mass_parse_fail_frac": 0.0,
    "n_predicate_fail": 0,
    "mass_predicate_fail_frac": 0.0,
    "n_mapped_programs": 156,
    "mass_mapped_frac": 0.8502949852507374,
    "n_unmapped_programs": 251,
    "mass_unmapped_frac": 0.14970501474926254,
    "n_distinct_unmapped_fps": 2,
    "top_unmapped_fps": [
      {
        "fingerprint": "a50b45ea9633aeea...",
        "count": 11964,
        "mass_frac": 0.1495425228738563
      },
      {
        "fingerprint": "03f77d78004eb003...",
        "count": 13,
        "mass_frac": 0.0001624918754062297
      }
    ]
  },
  "enum_retained_mass": 0.9951952355828819,
  "divergence": {
    "n_union_classes": 51,
    "n_enum_classes": 7,
    "n_mcmc_classes": 49,
    "total_variation": 0.6725685331667752,
    "max_abs_diff_on_class": 0.6687854454562898,
    "jensen_shannon": 0.453557292881985,
    "spearman_rank_corr": 0.21641753256458396
  },
  "top_k": {
    "k": 50,
    "enum_top_k_classes": [
      7,
      8,
      9,
      22,
      160,
      1724,
      1725
    ],
    "mcmc_top_k_classes": [
      0,
      2,
      6,
      7,
      8,
      9,
      10,
      12,
      13,
      15,
      22,
      27,
      29,
      30,
      31,
      32,
      33,
      34,
      35,
      43,
      59,
      77,
      83,
      84,
      86,
      93,
      95,
      106,
      160,
      167,
      169,
      171,
      172,
      185,
      186,
      226,
      239,
      240,
      242,
      283,
      284,
      294,
      303,
      309,
      358,
      395,
      396,
      569,
      757
    ],
    "overlap_size": 5,
    "overlap_frac_of_k": 0.1,
    "enum_top1_cls": 160,
    "mcmc_top1_cls": 160
  },
  "extensional": {
    "n_probes": 5000,
    "mean_abs_diff": 0.5001106462849271,
    "max_abs_diff": 0.6719805313439696,
    "spearman_rank_corr": 0.9020907096350802,
    "fraction_disagreement_above_0_5": 0.79,
    "probe_hit_rate_enum": 0.17591030787230919,
    "probe_hit_rate_mcmc": 0.6576870242697753
  },
  "n_enum_exc": 0,
  "n_mcmc_exc": 0,
  "validity_flags": {
    "mcmc_parse_drop_excessive": false,
    "mcmc_unmapped_excessive": true,
    "enum_truncation_excessive": false,
    "rare_rule_blind_spot": false,
    "predicate_exceptions_present": false
  },
  "comparison_valid": false,
  "enum_top20": [
    {
      "rank": 1,
      "prob": 0.9908193437613745,
      "cls_idx": 160,
      "fingerprint": "022059a5ee1949dca68923379f5729d1a319bb2445d70dfa377e472b08d1cf5f",
      "canonical_program": "(\u03bb lt (n_unique_ranks $0) 5)"
    },
    {
      "rank": 2,
      "prob": 0.0025242978124462383,
      "cls_idx": 1724,
      "fingerprint": "39c1808430af6da2652fddd2fe4ac7a2bf455040aae6580405aedb12adf72fc0",
      "canonical_program": "(\u03bb lt 3 (mod (n_unique_ranks $0) 5))"
    },
    {
      "rank": 3,
      "prob": 0.0014503374543924003,
      "cls_idx": 7,
      "fingerprint": "048b7a5501b2f6c7edf5ebe5ff199b256a8956d2fd8387f37276b1fa688ad006",
      "canonical_program": "(\u03bb has_suit $0 DIAMONDS)"
    },
    {
      "rank": 4,
      "prob": 0.0014453080346560057,
      "cls_idx": 8,
      "fingerprint": "985e7f28bdfe262507083821c2663898d3b631a712b3e40dc4c7360ae74c670c",
      "canonical_program": "(\u03bb has_suit $0 HEARTS)"
    },
    {
      "rank": 5,
      "prob": 0.0014397890162912309,
      "cls_idx": 9,
      "fingerprint": "d9a9e443b40e9b70ea85bf21647f35f1dbc6ae6fd3d61453814e2881306a460c",
      "canonical_program": "(\u03bb has_suit $0 SPADES)"
    },
    {
      "rank": 6,
      "prob": 0.0012587898980391868,
      "cls_idx": 1725,
      "fingerprint": "12434f94605241f16e13a35d6435c35f94db34f8d4b0bab6f301e93bd86f17bf",
      "canonical_program": "(\u03bb lt (mod 4 (n_unique_ranks $0)) 1)"
    },
    {
      "rank": 7,
      "prob": 0.0010621340228004772,
      "cls_idx": 22,
      "fingerprint": "277138b05808edeae35a293d0e487f8d73d8ae8a6a98d185eaa77ac4334b410a",
      "canonical_program": "(\u03bb has_suit (first_half $0) SPADES)"
    }
  ],
  "mcmc_top20": [
    {
      "rank": 1,
      "prob": 0.3220338983050847,
      "cls_idx": 160,
      "fingerprint": "022059a5ee1949dca68923379f5729d1a319bb2445d70dfa377e472b08d1cf5f",
      "canonical_program": "(\u03bb lt (n_unique_ranks $0) 5)"
    },
    {
      "rank": 2,
      "prob": 0.12167227718405928,
      "cls_idx": 0,
      "fingerprint": "24abae8be39ef33f43e2f2d1d5ccd003252a90be0e9fe1bf00b8b5001e610599",
      "canonical_program": "(\u03bb has_color $0 RED)"
    },
    {
      "rank": 3,
      "prob": 0.1198641715789319,
      "cls_idx": 2,
      "fingerprint": "ea989cd41502549fe2b7a9f47953cd080b88c4413891aeecd1134164bcd70407",
      "canonical_program": "(\u03bb has_color $0 BLACK)"
    },
    {
      "rank": 4,
      "prob": 0.11940847016625751,
      "cls_idx": 7,
      "fingerprint": "048b7a5501b2f6c7edf5ebe5ff199b256a8956d2fd8387f37276b1fa688ad006",
      "canonical_program": "(\u03bb has_suit $0 DIAMONDS)"
    },
    {
      "rank": 5,
      "prob": 0.10850103635321269,
      "cls_idx": 9,
      "fingerprint": "d9a9e443b40e9b70ea85bf21647f35f1dbc6ae6fd3d61453814e2881306a460c",
      "canonical_program": "(\u03bb has_suit $0 SPADES)"
    },
    {
      "rank": 6,
      "prob": 0.10819233539623972,
      "cls_idx": 8,
      "fingerprint": "985e7f28bdfe262507083821c2663898d3b631a712b3e40dc4c7360ae74c670c",
      "canonical_program": "(\u03bb has_suit $0 HEARTS)"
    },
    {
      "rank": 7,
      "prob": 0.023475972775515604,
      "cls_idx": 31,
      "fingerprint": "1d7d89c531dd85ade11e1b5517eedb2d33c5de695198640788a593115972af43",
      "canonical_program": "(\u03bb lt 0 (n_repeated_ranks $0))"
    },
    {
      "rank": 8,
      "prob": 0.0077028238787540245,
      "cls_idx": 6,
      "fingerprint": "78facf877a9d9a631a922ef94a466680e24352602ca0f130b3272eb787819856",
      "canonical_program": "(\u03bb has_suit $0 CLUBS)"
    },
    {
      "rank": 9,
      "prob": 0.0074382230584914815,
      "cls_idx": 10,
      "fingerprint": "3d036139e1f301183fc25d5832a660e44bef5cf360e0e282756f8abb0c20be1f",
      "canonical_program": "(\u03bb has_color (first_half $0) RED)"
    },
    {
      "rank": 10,
      "prob": 0.005541917179943258,
      "cls_idx": 22,
      "fingerprint": "277138b05808edeae35a293d0e487f8d73d8ae8a6a98d185eaa77ac4334b410a",
      "canonical_program": "(\u03bb has_suit (first_half $0) SPADES)"
    },
    {
      "rank": 11,
      "prob": 0.0051597159951195844,
      "cls_idx": 84,
      "fingerprint": "8b3c38d6a72c59ce70e66f03bc6a359e4f06b3aa419954bb2d2db795f2ef6368",
      "canonical_program": "(\u03bb lt 2 (n_unique_suits $0))"
    },
    {
      "rank": 12,
      "prob": 0.005042115630558455,
      "cls_idx": 32,
      "fingerprint": "3b3461abd46cea61a96537e3fbdfcf70bb4eea810335fe737f0b3e08371ee157",
      "canonical_program": "(\u03bb lt 1 (n_unique_suits $0))"
    },
    {
      "rank": 13,
      "prob": 0.004836314992576477,
      "cls_idx": 77,
      "fingerprint": "97f0bf9ff01d15bee56a07f7ee8f81e7c1107c643c584e947dc089ba4855a353",
      "canonical_program": "(\u03bb lt 1 (n_unique_colors $0))"
    },
    {
      "rank": 14,
      "prob": 0.004027812486218707,
      "cls_idx": 13,
      "fingerprint": "1de4987d8c6d78d1e9bd1e6ab973ac623c6902b279f10eb6a82ca4c11f799a0b",
      "canonical_program": "(\u03bb has_color (second_half $0) RED)"
    },
    {
      "rank": 15,
      "prob": 0.0038808120305172944,
      "cls_idx": 93,
      "fingerprint": "72585011c37cb26279d2cb474622ecf2c946af65fccb8346472ecdb52b8dda18",
      "canonical_program": "(\u03bb lt 3 (n_unique_suits $0))"
    },
    {
      "rank": 16,
      "prob": 0.003777911711526306,
      "cls_idx": 12,
      "fingerprint": "59b988561723a257d91f0f5fccece70936b53e77b61de02737f0a2e3d5f3b7e5",
      "canonical_program": "(\u03bb has_color (first_half $0) BLACK)"
    },
    {
      "rank": 17,