{
  "config": {
    "n_tasks": 25,
    "n_bigrams": 38,
    "n_epochs": 30,
    "n_folds": 3,
    "lambda_bigram": 0.1
  },
  "without_bigram": {
    "R@5": {
      "mean": 0.27777777777777773,
      "std": 0.10936122047238625
    },
    "R@10": {
      "mean": 0.6296296296296297,
      "std": 0.20981979988193813
    },
    "MRR": {
      "mean": 0.1464463323397394,
      "std": 0.037998663181429485
    }
  },
  "with_bigram": {
    "R@5": {
      "mean": 0.3194444444444444,
      "std": 0.2553441154284755
    },
    "R@10": {
      "mean": 0.6388888888888888,
      "std": 0.10393492741038726
    },
    "MRR": {
      "mean": 0.17271052259601746,
      "std": 0.06461684328220457
    },
    "bigram_P@5": {
      "mean": 0.0,
      "std": 0.0
    },
    "bigram_R@5": {
      "mean": 0.0,
      "std": 0.0
    },
    "bigram_F1": {
      "mean": 0.0,
      "std": 0.0
    }
  },
  "timestamp": "2025-12-31T16:13:39.561728"
}