{
  "config": {
    "n_tasks": 12,
    "n_bigrams": 38,
    "n_epochs": 10,
    "n_folds": 2,
    "lambda_bigram": 0.1
  },
  "without_bigram": {
    "R@5": {
      "mean": 0.3333333333333333,
      "std": 0.3333333333333333
    },
    "R@10": {
      "mean": 0.9166666666666667,
      "std": 0.08333333333333331
    },
    "MRR": {
      "mean": 0.2507936507936508,
      "std": 0.13690476190476192
    }
  },
  "with_bigram": {
    "R@5": {
      "mean": 0.41666666666666663,
      "std": 0.24999999999999997
    },
    "R@10": {
      "mean": 0.6666666666666666,
      "std": 0.0
    },
    "MRR": {
      "mean": 0.28635551948051946,
      "std": 0.15587932900432902
    }
  },
  "timestamp": "2025-12-31T16:13:22.501021"
}