{
  "LayerNorm+Scale": {
    "R@5": 0.09722222222222221,
    "R@10": 0.2638888888888889,
    "MRR": 0.1495723757236915,
    "pred_std": 0.2425961524248123,
    "n_evaluated": 12,
    "train_time": 3.453336000442505,
    "final_loss": 0.030399174134072383,
    "losses": [
      1.2518779516220093,
      0.4066076472401619,
      0.20672050192952157,
      0.1336581939831376,
      0.10094976648688317,
      0.0838467275723815,
      0.07292307633906603,
      0.0635270963422954,
      0.05704425470903516,
      0.05177852504421025,
      0.04721123678609729,
      0.04395353849977255,
      0.041580397158395496,
      0.03959872118430212,
      0.03813736966112628,
      0.0369028972403612,
      0.03599928328185342,
      0.03519947323948145,
      0.03453006029012613,
      0.03396285455673933,
      0.0334546375030186,
      0.03301572614873294,
      0.032603857456706464,
      0.0322418489085976,
      0.031890210465644483,
      0.031560265549342145,
      0.031249910217593425,
      0.030951551569160074,
      0.030671377314138226,
      0.030399174134072383
    ]
  },
  "L2Norm+Temperature": {
    "R@5": 0.19444444444444442,
    "R@10": 0.3194444444444444,
    "MRR": 0.13585502582213108,
    "pred_std": 0.1796301911274592,
    "n_evaluated": 12,
    "train_time": 2.9368209838867188,
    "final_loss": 0.07607576949521899,
    "losses": [
      0.8139265835285187,
      0.5945937871932984,
      0.4839917629957199,
      0.39932311698794365,
      0.33670509532094,
      0.29344342648983,
      0.2583588510751724,
      0.21808951273560523,
      0.1793707139790058,
      0.1562279425561428,
      0.14425002746284007,
      0.13541827723383904,
      0.12700537070631981,
      0.12235916145145893,
      0.11838166136294603,
      0.12196089997887612,
      0.11804954446852207,
      0.10600433237850666,
      0.10154122728854417,
      0.09666818529367446,
      0.09356091897934675,
      0.09204790405929089,
      0.09318716526031494,
      0.09400496203452349,
      0.09733542539179325,
      0.08830950669944286,
      0.08089983351528644,
      0.07910804972052574,
      0.07783164884895086,
      0.07607576949521899
    ]
  },
  "L2Norm+SimpleHead": {
    "R@5": 0.5277777777777778,
    "R@10": 0.7777777777777777,
    "MRR": 0.5953703703703702,
    "pred_std": 0.13756273289521534,
    "n_evaluated": 12,
    "train_time": 3.013094186782837,
    "final_loss": 0.12735562026500702,
    "losses": [
      0.6770385563373565,
      0.6342101395130157,
      0.5538491755723953,
      0.43450081795454026,
      0.3289939038455486,
      0.2550472624599934,
      0.2312744103372097,
      0.20425700768828392,
      0.19833990707993507,
      0.19375856555998325,
      0.18985030576586723,
      0.18610977344214916,
      0.18240249082446097,
      0.1786768201738596,
      0.17510937638580798,
      0.1716722935438156,
      0.16846902929246427,
      0.16523003168404102,
      0.1621191907674074,
      0.1591665431857109,
      0.15712106600403786,
      0.15334387794137,
      0.14992300122976304,
      0.14645677916705607,
      0.14334385246038436,
      0.14075178019702433,
      0.136500296741724,
      0.1334091082215309,
      0.13031292222440244,
      0.12735562026500702
    ]
  }
}