{
  "LayerNorm+Scale": {
    "R@5": 0.6527777777777777,
    "R@10": 0.8368055555555555,
    "MRR": 0.669212962962963,
    "pred_std": 0.1966373751560847,
    "n_evaluated": 24,
    "train_time": 12.067807912826538,
    "final_loss": 0.021257857929491104,
    "losses": [
      0.9692103062357221,
      0.3186538985797337,
      0.18107270151376725,
      0.13496615194848605,
      0.10944242389606577,
      0.09465510962264878,
      0.07952490158911263,
      0.06843350552288549,
      0.06297348498233728,
      0.05556610449483352,
      0.05202540747954377,
      0.049619461190221564,
      0.045776426373049614,
      0.04386360396165401,
      0.04103777371014335,
      0.03948490165972284,
      0.038154944544658065,
      0.03715928938306336,
      0.036366372518906634,
      0.03558313861722127,
      0.034879030846059325,
      0.03421300355444795,
      0.033616505623129865,
      0.03302616999052199,
      0.03248941124350365,
      0.031982557769099786,
      0.031436430349380574,
      0.03094902022109766,
      0.03044444888198216,
      0.029974087728520057,
      0.02949490424154127,
      0.029043126132039885,
      0.028558157055522317,
      0.02810645804856904,
      0.027651582978848767,
      0.027203786649624816,
      0.02675784847399752,
      0.02632089483293904,
      0.02587492926935998,
      0.02543943956968308,
      0.02500600397408042,
      0.024578246486739123,
      0.024150168976588508,
      0.023722014868066514,
      0.023303468283847904,
      0.022887638681069283,
      0.022475905988540035,
      0.022061679005024155,
      0.021657797267211468,
      0.021257857929491104
    ]
  },
  "L2Norm+Temperature": {
    "R@5": 0.3541666666666667,
    "R@10": 0.4479166666666667,
    "MRR": 0.4650964324356955,
    "pred_std": 0.18718696360786755,
    "n_evaluated": 24,
    "train_time": 11.051904916763306,
    "final_loss": 0.23914726568119868,
    "losses": [
      0.8370226008551461,
      0.6742647332804543,
      0.606424115385328,
      0.5434717076165335,
      0.48730642540114266,
      0.42707506716251376,
      0.3869164939437594,
      0.33910275314535415,
      0.3473315698759896,
      0.3393160204802241,
      0.37913174544061934,
      0.3081345389996256,
      0.2910431140235492,
      0.25907259200300486,
      0.24577123395034245,
      0.2377489611506462,
      0.231965856892722,
      0.2265539852636201,
      0.22152820229530334,
      0.21672291904687882,
      0.21219597096954074,
      0.20620942967278616,
      0.20120973736047745,
      0.19790806685175213,
      0.19958009070583752,
      0.28244098935808454,
      0.47802608971084865,
      0.3338952145406178,
      0.24317122719117573,
      0.2169187320130212,
      0.20976633546607834,
      0.204075384672199,
      0.19908115938305854,
      0.194665286477123,
      0.19046778519238744,
      0.1861432411840984,
      0.18183145927531377,
      0.17718228112374032,
      0.17196857279964856,
      0.1666583134659699,
      0.1597504415682384,
      0.15533899260418757,
      0.1595377669802734,
      0.14591473532574517,
      0.14918421262076922,
      0.13248609315071788,
      0.14488659905535833,
      0.382091152880873,
      0.452370156028441,
      0.23914726568119868
    ]
  },
  "L2Norm+SimpleHead": {
    "R@5": 0.5659722222222222,
    "R@10": 0.7743055555555555,
    "MRR": 0.74302398989899,
    "pred_std": 0.1736830269296964,
    "n_evaluated": 24,
    "train_time": 11.049381256103516,
    "final_loss": 0.0888324186205864,
    "losses": [
      0.6667201842580522,
      0.5907012053898403,
      0.4615512686116355,
      0.3218854959521975,
      0.23926333742482322,
      0.21464180307728903,
      0.1939617735998971,
      0.1806869006582669,
      0.17432768217154912,
      0.17035236975976398,
      0.1673967625413622,
      0.16516126011099133,
      0.16328952078308379,
      0.16212968890156065,
      0.16147491868053163,
      0.15904031842947006,
      0.1574791080185345,
      0.15608912919248855,
      0.15526908891541616,
      0.15416686769042695,
      0.15202736513955253,
      0.14965488655226572,
      0.14768864533730916,
      0.1453630587884358,
      0.14362679379326956,
      0.1412385704261916,
      0.1390555528657777,
      0.13664710223674775,
      0.13438672402075358,
      0.13277035462004796,
      0.13163217369999206,
      0.13012558221817017,
      0.13043882144348962,
      0.1280888359461512,
      0.12428910349096571,
      0.12151444905570576,
      0.11936556824616024,
      0.11693988197616169,
      0.11443165327821458,
      0.11242871774094446,
      0.11097289685692106,
      0.10691129224640983,
      0.1056507876941136,
      0.10196330813424928,
      0.09805288431899888,
      0.09589643776416779,
      0.09452061099665506,
      0.0944541012602193,
      0.10113686919212342,
      0.0888324186205864
    ]
  }
}