{
  "LayerNorm+Scale": {
    "R@5": 0.2222222222222222,
    "R@10": 0.5277777777777778,
    "MRR": 0.2993386243386243,
    "pred_std": 0.24352355053027472,
    "n_evaluated": 12,
    "train_time": 3.3631839752197266,
    "final_loss": 0.030939867469714954,
    "losses": [
      1.119864395260811,
      0.3569710575044155,
      0.173799591884017,
      0.11622127965092659,
      0.09147625025361776,
      0.07460422925651074,
      0.06388054126873613,
      0.05633111493662,
      0.05086869071237743,
      0.046917981514707205,
      0.04402739596553147,
      0.0418293422088027,
      0.04014971565920859,
      0.038834852864965796,
      0.03775418702280149,
      0.03685763443354517,
      0.03611885015852749,
      0.035446890140883626,
      0.034865332493791354,
      0.034350453736260535,
      0.03388797916704789,
      0.03346221453393809,
      0.033077268564375116,
      0.032721856335410845,
      0.03238442440051585,
      0.03207066001195926,
      0.03177248957508709,
      0.03148174496600405,
      0.031205844818032347,
      0.030939867469714954
    ]
  },
  "L2Norm+Temperature": {
    "R@5": 0.2222222222222222,
    "R@10": 0.25,
    "MRR": 0.11446936820705293,
    "pred_std": 0.19957181215286254,
    "n_evaluated": 12,
    "train_time": 2.818704128265381,
    "final_loss": 0.09069369081407785,
    "losses": [
      0.8196967661380767,
      0.5949793264269829,
      0.44854054898023604,
      0.31538698822259903,
      0.22766762152314185,
      0.19412465319037436,
      0.1760511264204979,
      0.16348714530467987,
      0.15374722741544247,
      0.14568536840379237,
      0.13860641680657865,
      0.13227538466453553,
      0.12645898386836052,
      0.12113237380981445,
      0.11618336904793977,
      0.11258612610399724,
      0.11151545383036136,
      0.12579459324479103,
      0.47730560414493084,
      0.20581199340522288,
      0.15123927146196364,
      0.12549306750297545,
      0.11731889601796866,
      0.11150027196854354,
      0.10687106922268867,
      0.10285994056612253,
      0.09930425379425287,
      0.09614753928035498,
      0.09328946843743324,
      0.09069369081407785
    ]
  },
  "L2Norm+SimpleHead": {
    "R@5": 0.40277777777777773,
    "R@10": 0.5833333333333334,
    "MRR": 0.34890448603683893,
    "pred_std": 0.10602040253579617,
    "n_evaluated": 12,
    "train_time": 2.9404008388519287,
    "final_loss": 0.1390542585402727,
    "losses": [
      0.6760831147432327,
      0.6289111286401748,
      0.5314450994133949,
      0.3628555655479431,
      0.2391370192170143,
      0.1982804760336876,
      0.18612097054719925,
      0.18048021532595157,
      0.17673571184277534,
      0.17559909783303737,
      0.17353209033608435,
      0.17140803597867488,
      0.16926309354603292,
      0.16798551119863986,
      0.16741276867687702,
      0.16538271345198155,
      0.16469521224498748,
      0.1628444090485573,
      0.1623009279370308,
      0.15973545610904694,
      0.15803180262446404,
      0.1559529561549425,
      0.15371582061052322,
      0.15206647329032422,
      0.1566927284002304,
      0.231625859066844,
      0.16766098663210868,
      0.14784895181655883,
      0.1424803901463747,
      0.1390542585402727
    ]
  }
}