{
  "summary": {
    "baseline": {
      "R@5": {
        "mean": 0.14074074074074072,
        "std": 0.044752022124424334
      },
      "R@10": {
        "mean": 0.3222222222222222,
        "std": 0.07085602396188519
      },
      "MRR": {
        "mean": 0.18634315140987967,
        "std": 0.06714935813840202
      },
      "config": {
        "lambda_pred": 1.0,
        "lambda_struct": 0.3,
        "lambda_count": 0.1,
        "lambda_bigram": 0.1
      }
    },
    "no_struct": {
      "R@5": {
        "mean": 0.05555555555555555,
        "std": 0.027216552697590865
      },
      "R@10": {
        "mean": 0.11481481481481481,
        "std": 0.07332959212304938
      },
      "MRR": {
        "mean": 0.13153764068788587,
        "std": 0.04200798164357997
      },
      "config": {
        "lambda_pred": 1.0,
        "lambda_struct": 0.0,
        "lambda_count": 0.1,
        "lambda_bigram": 0.1
      }
    },
    "high_struct": {
      "R@5": {
        "mean": 0.06666666666666667,
        "std": 0.059490290385959294
      },
      "R@10": {
        "mean": 0.09999999999999999,
        "std": 0.07200822998230956
      },
      "MRR": {
        "mean": 0.0836941280402192,
        "std": 0.017305839343503805
      },
      "config": {
        "lambda_pred": 1.0,
        "lambda_struct": 1.0,
        "lambda_count": 0.1,
        "lambda_bigram": 0.1
      }
    },
    "no_count": {
      "R@5": {
        "mean": 0.1111111111111111,
        "std": 0.04714045207910316
      },
      "R@10": {
        "mean": 0.1814814814814815,
        "std": 0.06928995160692486
      },
      "MRR": {
        "mean": 0.11244064545968073,
        "std": 0.02525245625759978
      },
      "config": {
        "lambda_pred": 1.0,
        "lambda_struct": 0.3,
        "lambda_count": 0.0,
        "lambda_bigram": 0.1
      }
    },
    "no_bigram": {
      "R@5": {
        "mean": 0.08888888888888889,
        "std": 0.02400274332743652
      },
      "R@10": {
        "mean": 0.1851851851851852,
        "std": 0.04655483366657977
      },
      "MRR": {
        "mean": 0.16078676167010486,
        "std": 0.019140525994569228
      },
      "config": {
        "lambda_pred": 1.0,
        "lambda_struct": 0.3,
        "lambda_count": 0.1,
        "lambda_bigram": 0.0
      }
    },
    "pred_only": {
      "R@5": {
        "mean": 0.04814814814814814,
        "std": 0.0531581484978049
      },
      "R@10": {
        "mean": 0.22592592592592586,
        "std": 0.12250248450771277
      },
      "MRR": {
        "mean": 0.1232737445892319,
        "std": 0.07155773309311106
      },
      "config": {
        "lambda_pred": 1.0,
        "lambda_struct": 0.0,
        "lambda_count": 0.0,
        "lambda_bigram": 0.0
      }
    }
  },
  "raw_results": {
    "baseline": {
      "R@5": [
        0.16666666666666666,
        0.07777777777777778,
        0.17777777777777776
      ],
      "R@10": [
        0.4222222222222223,
        0.27777777777777773,
        0.26666666666666666
      ],
      "MRR": [
        0.1670194275711517,
        0.11548483126069331,
        0.276525195397794
      ]
    },
    "no_struct": {
      "R@5": [
        0.02222222222222222,
        0.08888888888888888,
        0.05555555555555555
      ],
      "R@10": [
        0.03333333333333333,
        0.1,
        0.2111111111111111
      ],
      "MRR": [
        0.07229049261999433,
        0.15737474314303584,
        0.16494768630062748
      ]
    },
    "high_struct": {
      "R@5": [
        0.0,
        0.14444444444444443,
        0.05555555555555555
      ],
      "R@10": [
        0.03333333333333333,
        0.2,
        0.06666666666666667
      ],
      "MRR": [
        0.05994670677333216,
        0.1006945433125606,
        0.09044113403476485
      ]
    },
    "no_count": {
      "R@5": [
        0.07777777777777778,
        0.17777777777777776,
        0.07777777777777778
      ],
      "R@10": [
        0.2555555555555556,
        0.2,
        0.08888888888888888
      ],
      "MRR": [
        0.11044722249948082,
        0.14431695407509473,
        0.08255775980446661
      ]
    },
    "no_bigram": {
      "R@5": [
        0.06666666666666667,
        0.12222222222222222,
        0.07777777777777778
      ],
      "R@10": [
        0.2,
        0.12222222222222222,
        0.23333333333333334
      ],
      "MRR": [
        0.13763990511493013,
        0.1845136617452402,
        0.16020671815014423
      ]
    },
    "pred_only": {
      "R@5": [
        0.12222222222222222,
        0.02222222222222222,
        0.0
      ],
      "R@10": [
        0.2222222222222222,
        0.3777777777777777,
        0.07777777777777777
      ],
      "MRR": [
        0.22119749252357943,
        0.09642450142450142,
        0.05219923981961491
      ]
    }
  },
  "config": {
    "n_folds": 3,
    "epochs": 30,
    "n_train_rules": 44,
    "n_test_rules": 15,
    "quick_mode": false
  },
  "timestamp": "20251231_182349"
}