{
  "rule_id": "all_same_color",
  "n_hyps_in_posterior": 2,
  "enum_retained_mass": 0.9999737654774934,
  "elapsed_seconds": 0.18,
  "top20": [
    {
      "rank": 1,
      "prob": 0.9986421639236971,
      "cls_idx": 162,
      "fingerprint": "e8694b20023779409be00e728db011ab78da96f4b241cf9dd50217c495227ea6",
      "canonical_program": "(\u03bb lt (n_unique_colors $0) 2)",
      "n_expressions": 377
    },
    {
      "rank": 2,
      "prob": 0.0013578360763029274,
      "cls_idx": 154,
      "fingerprint": "00b3d19488546a1ff56d535b8ce8f6c116f7522c1f4d7927dfa8424c89bb9d46",
      "canonical_program": "(\u03bb lt (n_unique_suits $0) 3)",
      "n_expressions": 261
    }
  ],
  "full_posterior": [
    {
      "prob": 0.9986421639236971,
      "cls_idx": 162,
      "fingerprint": "e8694b20023779409be00e728db011ab78da96f4b241cf9dd50217c495227ea6"
    },
    {
      "prob": 0.0013578360763029274,
      "cls_idx": 154,
      "fingerprint": "00b3d19488546a1ff56d535b8ce8f6c116f7522c1f4d7927dfa8424c89bb9d46"
    }
  ]
}