{
  "rule_id": "all_red",
  "n_hyps_in_posterior": 2,
  "enum_retained_mass": 0.9999403096532722,
  "elapsed_seconds": 0.13,
  "top20": [
    {
      "rank": 1,
      "prob": 0.9904155299125924,
      "cls_idx": 18,
      "fingerprint": "d47919ef9427dd08711f3b72c4ee6d3dddeb063783645c6195882e06b36962e7",
      "canonical_program": "(\u03bb not (has_color $0 BLACK))",
      "n_expressions": 215
    },
    {
      "rank": 2,
      "prob": 0.0095844700874075,
      "cls_idx": 162,
      "fingerprint": "e8694b20023779409be00e728db011ab78da96f4b241cf9dd50217c495227ea6",
      "canonical_program": "(\u03bb lt (n_unique_colors $0) 2)",
      "n_expressions": 377
    }
  ],
  "full_posterior": [
    {
      "prob": 0.9904155299125924,
      "cls_idx": 18,
      "fingerprint": "d47919ef9427dd08711f3b72c4ee6d3dddeb063783645c6195882e06b36962e7"
    },
    {
      "prob": 0.0095844700874075,
      "cls_idx": 162,
      "fingerprint": "e8694b20023779409be00e728db011ab78da96f4b241cf9dd50217c495227ea6"
    }
  ]
}