{
  "config": {
    "epochs": 20,
    "n_folds": 3,
    "n_tasks": 16,
    "n_bigrams": 24
  },
  "without_bigram": {
    "R@5": {
      "mean": 0.3633333333333333,
      "std": 0.11115554667022041
    },
    "R@10": {
      "mean": 0.4577777777777778,
      "std": 0.08079848427865709
    },
    "MRR": {
      "mean": 0.2390253495097078,
      "std": 0.047749472540778826
    }
  },
  "with_bigram": {
    "R@5": {
      "mean": 0.32666666666666666,
      "std": 0.09217535623091619
    },
    "R@10": {
      "mean": 0.4511111111111111,
      "std": 0.013698697784375501
    },
    "MRR": {
      "mean": 0.21703899661577974,
      "std": 0.05981022854945153
    },
    "bigram_P@5": {
      "mean": 0.14444444444444446,
      "std": 0.04157397096415491
    },
    "bigram_R@5": {
      "mean": 0.5,
      "std": 0.2041241452319315
    },
    "bigram_F1": {
      "mean": 0.2230576440745096,
      "std": 0.07115323091301357
    }
  },
  "conclusion": "\u2717 Bigram training HURTS R@5 by 0.037"
}