{
  "per_rule": [
    {
      "rule_id": "all_clubs_or_hearts",
      "n_chains": 4,
      "total_steps": 80000,
      "steps_per_chain": 20000,
      "n_unique_per_chain": [
        50,
        78,
        92,
        66
      ],
      "mean_n_unique_per_chain": 71.5,
      "std_n_unique_per_chain": 15.451537140362444,
      "cv_n_unique_per_chain": 0.21610541455052368,
      "n_unique_merged": 244,
      "coverage_ratio": 3.4125874125874125,
      "acceptance_rate_per_chain": [
        0.03495,
        0.0342,
        0.06245,
        0.07235
      ],
      "mean_acceptance": 0.0509875,
      "std_acceptance": 0.016783674173136226,
      "tv_vs_enum": 0.2621101087330353,
      "mass_mapped": 0.9449277536123194,
      "enum_expected_mcc": 0.5147415277758078,
      "mcmc_expected_mcc": 0.39371376143599296
    },
    {
      "rule_id": "all_even",
      "n_chains": 4,
      "total_steps": 80000,
      "steps_per_chain": 20000,
      "n_unique_per_chain": [
        109,
        154,
        118,
        128
      ],
      "mean_n_unique_per_chain": 127.25,
      "std_n_unique_per_chain": 16.843025262701474,
      "cv_n_unique_per_chain": 0.132361691651878,
      "n_unique_merged": 423,
      "coverage_ratio": 3.324165029469548,
      "acceptance_rate_per_chain": [
        0.0673,
        0.0801,
        0.0979,
        0.09565
      ],
      "mean_acceptance": 0.08523750000000001,
      "std_acceptance": 0.012418805045172423,
      "tv_vs_enum": 0.9878038561556958,
      "mass_mapped": 0.8400954952252387,
      "enum_expected_mcc": 0.43700578508886423,
      "mcmc_expected_mcc": 0.0621193562472418
    },
    {
      "rule_id": "all_odd",
      "n_chains": 4,
      "total_steps": 80000,
      "steps_per_chain": 20000,
      "n_unique_per_chain": [
        132,
        80,
        49,
        56
      ],
      "mean_n_unique_per_chain": 79.25,
      "std_n_unique_per_chain": 32.5528416578338,
      "cv_n_unique_per_chain": 0.4107614089316568,
      "n_unique_merged": 273,
      "coverage_ratio": 3.444794952681388,
      "acceptance_rate_per_chain": [
        0.05215,
        0.11005,
        0.043,
        0.1071
      ],
      "mean_acceptance": 0.078075,
      "std_acceptance": 0.030688811071789664,
      "tv_vs_enum": 0.7593665445904909,
      "mass_mapped": 0.9267286635668217,
      "enum_expected_mcc": 0.35885842777158733,
      "mcmc_expected_mcc": 0.11256310473735685
    },
    {
      "rule_id": "all_red",
      "n_chains": 4,
      "total_steps": 80000,
      "steps_per_chain": 20000,
      "n_unique_per_chain": [
        72,
        21,
        41,
        73
      ],
      "mean_n_unique_per_chain": 51.75,
      "std_n_unique_per_chain": 21.924586655168667,
      "cv_n_unique_per_chain": 0.42366351024480514,
      "n_unique_merged": 195,
      "coverage_ratio": 3.7681159420289854,
      "acceptance_rate_per_chain": [
        0.0504,
        0.0519,
        0.05435,
        0.0525
      ],
      "mean_acceptance": 0.0522875,
      "std_acceptance": 0.0014152627847859216,
      "tv_vs_enum": 0.10304305689851403,
      "mass_mapped": 0.9286785660716964,
      "enum_expected_mcc": 0.9978548887580851,
      "mcmc_expected_mcc": 0.9540428514689759
    },
    {
      "rule_id": "all_same_color",
      "n_chains": 4,
      "total_steps": 80000,
      "steps_per_chain": 20000,
      "n_unique_per_chain": [
        112,
        25,
        73,
        109
      ],
      "mean_n_unique_per_chain": 79.75,
      "std_n_unique_per_chain": 35.13812032536743,
      "cv_n_unique_per_chain": 0.4406033896597797,
      "n_unique_merged": 272,
      "coverage_ratio": 3.4106583072100314,
      "acceptance_rate_per_chain": [
        0.06295,
        0.0306,
        0.03755,
        0.05895
      ],
      "mean_acceptance": 0.0475125,
      "std_acceptance": 0.013733325116300132,
      "tv_vs_enum": 0.5666324069224311,
      "mass_mapped": 0.8096345182740863,
      "enum_expected_mcc": 0.9994297011721885,
      "mcmc_expected_mcc": 0.7208373136560485
    },
    {
      "rule_id": "all_same_suit",
      "n_chains": 4,
      "total_steps": 80000,
      "steps_per_chain": 20000,
      "n_unique_per_chain": [
        21,
        46,
        19,
        399
      ],
      "mean_n_unique_per_chain": 121.25,
      "std_n_unique_per_chain": 160.71150394417944,
      "cv_n_unique_per_chain": 1.3254557026324079,
      "n_unique_merged": 485,
      "coverage_ratio": 4.0,
      "acceptance_rate_per_chain": [
        0.0292,
        0.03545,
        0.03195,
        0.06495
      ],
      "mean_acceptance": 0.04038749999999999,
      "std_acceptance": 0.014353108330602118,
      "tv_vs_enum": 0.03441482173753806,
      "mass_mapped": 0.9897130143492825,
      "enum_expected_mcc": 1.0,
      "mcmc_expected_mcc": 0.982091564355203
    },
    {
      "rule_id": "ap_step1_len3_adj",
      "n_chains": 4,
      "total_steps": 80000,
      "steps_per_chain": 20000,
      "n_unique_per_chain": [
        84,
        45,
        162,
        158
      ],
      "mean_n_unique_per_chain": 112.25,
      "std_n_unique_per_chain": 49.721097131901665,
      "cv_n_unique_per_chain": 0.44294964037328877,
      "n_unique_merged": 373,
      "coverage_ratio": 3.3229398663697105,
      "acceptance_rate_per_chain": [
        0.10355,
        0.10515,
        0.09645,
        0.10605
      ],
      "mean_acceptance": 0.1028,
      "std_acceptance": 0.00377392368762274,
      "tv_vs_enum": 0.18360212819693503,
      "mass_mapped": 0.8677066146692666,
      "enum_expected_mcc": 0.023916389089426938,
      "mcmc_expected_mcc": 0.023928534685310216
    },
    {
      "rule_id": "colors_palindrome",
      "n_chains": 4,
      "total_steps": 80000,
      "steps_per_chain": 20000,
      "n_unique_per_chain": [
        257,
        202,
        177,
        93
      ],
      "mean_n_unique_per_chain": 182.25,
      "std_n_unique_per_chain": 59.09896361189424,
      "cv_n_unique_per_chain": 0.3242741487621083,
      "n_unique_merged": 626,
      "coverage_ratio": 3.4348422496570645,
      "acceptance_rate_per_chain": [
        0.07935,
        0.0802,
        0.08055,
        0.0868
      ],
      "mean_acceptance": 0.08172499999999999,
      "std_acceptance": 0.0029623681405254155,
      "tv_vs_enum": 0.28293819370631457,
      "mass_mapped": 0.6660416979151043,
      "enum_expected_mcc": -0.03216718828935594,
      "mcmc_expected_mcc": -0.07401657443385558
    },
    {
      "rule_id": "four_hearts_adjacent",
      "n_chains": 4,
      "total_steps": 80000,
      "steps_per_chain": 20000,
      "n_unique_per_chain": [
        71,
        54,
        40,
        41
      ],
      "mean_n_unique_per_chain": 51.5,
      "std_n_unique_per_chain": 12.539936203984453,
      "cv_n_unique_per_chain": 0.24349390687348452,
      "n_unique_merged": 177,
      "coverage_ratio": 3.436893203883495,
      "acceptance_rate_per_chain": [
        0.05045,
        0.05985,
        0.04275,
        0.03365
      ],
      "mean_acceptance": 0.04667500000000001,
      "std_acceptance": 0.009655147590793214,
      "tv_vs_enum": 0.80697550526947,
      "mass_mapped": 0.9450402479876007,
      "enum_expected_mcc": 0.6559105345458919,
      "mcmc_expected_mcc": 0.3229945389921402
    },
    {
      "rule_id": "four_of_a_kind_adjacent",
      "n_chains": 4,
      "total_steps": 80000,
      "steps_per_chain": 20000,
      "n_unique_per_chain": [
        42,
        73,
        35,
        87
      ],
      "mean_n_unique_per_chain": 59.25,
      "std_n_unique_per_chain": 21.47527648250425,
      "cv_n_unique_per_chain": 0.36245192375534596,
      "n_unique_merged": 193,
      "coverage_ratio": 3.257383966244726,
      "acceptance_rate_per_chain": [
        0.03405,
        0.0707,
        0.15415,
        0.04935
      ],
      "mean_acceptance": 0.0770625,
      "std_acceptance": 0.04637084718602843,
      "tv_vs_enum": 0.9923567078912675,
      "mass_mapped": 0.7964101794910254,
      "enum_expected_mcc": 0.9119594252743046,